iWine	iPurchase	PurchaseDate	DeliveryDate	StoreName	Currency	ExchangeRate	Price	NativePrice	NativePriceCurrency	Quantity	Remaining	OrderNumber	Delivered	Size	SortSize	Vintage	Wine	SortWine	Locale	Type	Color	Category	Producer	Varietal	MasterVarietal	Designation	Vineyard	Country	Region	SubRegion	Appellation	cLabels
684674	123900001	5/25/2020	5/25/2020	Farr Vintners	EUR	1	0	0	EUR	3	3		False	750ml	12	2008	Pétrus	Pétrus	France, Bordeaux, Libournais, Pomerol	Red	Red	Dry	Pétrus	Red Bordeaux Blend	Red Bordeaux Blend	Unknown	Unknown	France	Bordeaux	Libournais	Pomerol	1674
118542	123900002	4/8/2020	4/8/2020	Private Cellar	EUR	1	3500	3500	EUR	2	1		True	750ml	12	2003	Domaine de la Romanée-Conti La Tâche	Romanée-Conti, Domaine de la La Tâche	France, Burgundy, Côte de Nuits, La Tâche Grand Cru	Red	Red	Dry	Domaine de la Romanée-Conti	Pinot Noir	Pinot Noir	Unknown	Unknown	France	Burgundy	Côte de Nuits	La Tâche Grand Cru	2542
1367113	123900003	11/6/2019	11/6/2019	Millesima	EUR	1	230	230	EUR	6	5		True	375ml	6	2011	Château d'Yquem	Yquem, Château d'	France, Bordeaux, Sauternais, Sauternes	White - Sweet/Dessert	White	Sweet/Dessert	Château d'Yquem	Sémillon-Sauvignon Blanc Blend	Sémillon-Sauvignon Blanc Blend	Unknown	Unknown	France	Bordeaux	Sauternais	Sauternes	9113
1290011	123900004	9/3/2021	9/3/2021	Systembolaget	EUR	1	185	185	EUR	6	6		True	750ml	12	1001	Krug Grande Cuvée	Krug Grande Cuvée	France, Champagne, Champagne	White - Sparkling	White	Dry	Krug	Champagne Blend	Champagne Blend	Unknown	Unknown	France	Champagne		Champagne	4011
155002	123900005	6/2/2019	6/2/2019	Farr Vintners	EUR	1	1450	1450	EUR	1	1		True	1.5L	24	2016	Château Mouton-Rothschild	Mouton-Rothschild, Château 	France, Bordeaux, Médoc, Pauillac	Red	Red	Dry	Château Mouton-Rothschild	Red Bordeaux Blend	Red Bordeaux Blend	Unknown	Unknown	France	Bordeaux	Médoc	Pauillac	3002
1442001	123900006	10/14/2021	10/14/2021	Vinicum	EUR	1	620	620	EUR	2	2		True	750ml	12	2013	Giacomo Conterno Barolo Riserva Monfortino	Conterno, Giacomo Barolo Riserva Monfortino	Italy, Piedmont, Barolo	Red	Red	Dry	Giacomo Conterno	Nebbiolo	Nebbiolo	Unknown	Unknown	Italy	Piedmont		Barolo	3001
1501777	123900007	2/11/2022	2/11/2022	Systembolaget	EUR	1	285	285	EUR	3	3		True	750ml	12	2018	E. Guigal Côte-Rôtie La Landonne	Guigal, E. Côte-Rôtie La Landonne	France, Rhône, Northern Rhône, Côte-Rôtie	Red	Red	Dry	E. Guigal	Syrah	Syrah	Unknown	Unknown	France	Rhône	Northern Rhône	Côte-Rôtie	8777
1600123	123900008	7/19/2021	7/19/2021	Weinhalle	EUR	1	48	48	EUR	4	4		True	750ml	12	2019	Joh. Jos. Prüm Wehlener Sonnenuhr Riesling Auslese	Prüm, Joh. Jos. Wehlener Sonnenuhr Riesling Auslese	Germany, Mosel, Wehlener Sonnenuhr	White - Off-Dry	White	Off-Dry	Joh. Jos. Prüm	Riesling	Riesling	Unknown	Unknown	Germany	Mosel		Wehlener Sonnenuhr	8123
1655900	123900009	3/9/2021	3/9/2021	K&L Wines	EUR	0.92	215	215	USD	3	3		True	750ml	12	2019	Ridge Monte Bello	Ridge Monte Bello	USA, California, Santa Cruz Mountains, Santa Cruz Mountains	Red	Red	Dry	Ridge	Red Bordeaux Blend	Red Bordeaux Blend	Unknown	Unknown	USA	California	Santa Cruz Mountains	Santa Cruz Mountains	9900
1700055	123900010	12/1/2020	12/1/2020	Systembolaget	EUR	1	72	72	EUR	1	1		True	700ml	12	1001	Lagavulin 16 Year Old	Lagavulin 16 Year Old	Scotland, Islay	Spirits	Other	Distilled	Lagavulin	Single Malt Whisky	Single Malt Whisky	Unknown	Unknown	Scotland	Islay			9055
1720044	123900011	5/30/2022	5/30/2022	Lavinia	EUR	1	395	395	EUR	2	2		True	750ml	12	2010	Vega Sicilia Único	Vega Sicilia Único	Spain, Castilla y León, Ribera del Duero	Red	Red	Dry	Vega Sicilia	Tempranillo-Cabernet Blend	Tempranillo-Cabernet Blend	Reserva Especial, Lote 2	Unknown	Spain	Castilla y León		Ribera del Duero	2044
1740099	123900012	4/22/2021	4/22/2021	Vinicum	EUR	1	1800	1800	EUR	1	1		True	3.0L	48	2015	Tenuta San Guido Sassicaia	San Guido, Tenuta Sassicaia	Italy, Tuscany, Bolgheri	Red	Red	Dry	Tenuta San Guido	Cabernet Sauvignon-Cabernet Franc Blend	Cabernet Sauvignon-Cabernet Franc Blend	Unknown	Unknown	Italy	Tuscany		Bolgheri	4099
1760321	123900013	1/17/2022	1/17/2022	The Wine Society	EUR	1	95	95	EUR	6	6		True	750ml	12	2017	Taylor Fladgate Vintage Port	Taylor Fladgate Vintage Port	Portugal, Douro, Porto	Port	Red	Fortified	Taylor Fladgate	Port Blend	Port Blend	Unknown	Unknown	Portugal	Douro		Porto	6321
1780500	123900014	6/8/2023	6/8/2023	Systembolaget	EUR	1	42	42	EUR	3	3		True	750ml	12	2022	Domaine Tempier Bandol Rosé	Tempier, Domaine Bandol Rosé	France, Provence, Bandol	Rosé	Rosé	Dry	Domaine Tempier	Mourvèdre Blend	Mourvèdre Blend	Unknown	Unknown	France	Provence		Bandol	8500
1800777	123900015	9/12/2022	9/12/2022	Millesima	EUR	1	265	265	EUR	4	4		True	750ml	12	2015	Louis Roederer Cristal	Roederer, Louis Cristal	France, Champagne, Champagne	White - Sparkling	White	Dry	Louis Roederer	Champagne Blend	Champagne Blend	Unknown	Unknown	France	Champagne		Champagne	1777
1820011	123900016	8/3/2022	8/3/2022	Dan Murphy's	EUR	0.61	580	580	AUD	1	1		True	750ml	12	2017	Penfolds Grange	Penfolds Grange	Australia, South Australia, South Australia	Red	Red	Dry	Penfolds	Shiraz	Shiraz	Unknown	Unknown	Australia	South Australia		South Australia	3011
1840222	123900017	11/30/2022	11/30/2022	Burgundy Direct	EUR	1	312.50	312.50	EUR	2	2		True	750ml	12	2019	Domaine Raveneau Chablis Les Clos	Raveneau, Domaine Chablis Les Clos	France, Burgundy, Chablis, Chablis Grand Cru	White	White	Dry	Domaine Raveneau	Chardonnay	Chardonnay	Unknown	Unknown	France	Burgundy	Chablis	Chablis Grand Cru	5222
1860900	123900018	2/14/2021	2/14/2021	K&L Wines	EUR	0.92	890	890	USD	1	1		True	750ml	12	2013	Harlan Estate	Harlan Estate 	USA, California, Napa Valley, Oakville	Red	Red	Dry	Harlan Estate	Red Bordeaux Blend	Red Bordeaux Blend	Unknown	Unknown	USA	California	Napa Valley	Oakville	7900
112050	123900019	3/2/2015	3/2/2015	Private Cellar	EUR	1	650	650	EUR	2	0		True	750ml	12	1996	Château Margaux	Margaux, Château 	France, Bordeaux, Médoc, Margaux	Red	Red	Dry	Château Margaux	Red Bordeaux Blend	Red Bordeaux Blend	Unknown	Unknown	France	Bordeaux	Médoc	Margaux	5050
